date,headline
2024-10-01,Apple beats Q3 expectations amid strong iPhone sales
2024-10-02,Apple faces antitrust scrutiny from the EU
2024-10-03,New iPad Pro expected to be delayed until Q1 2025
2024-10-04,Apple stock climbs after bullish analyst upgrade
2024-10-05,Foxconn reports decline in Apple device shipments
2024-10-06,Apple expands chip production partnership with TSMC
2024-10-07,Weak demand for MacBooks weighs on Apple shares
2024-10-08,Apple announces new AI-powered features for iOS
2024-10-09,Wall Street optimistic ahead of Appleâ€™s October event
2024-10-10,"Apple reveals faster M3 chips, improved Mac performance"
2024-10-11,Regulatory headwinds grow for Big Tech including Apple
2024-10-12,iPhone 16 rumors point to groundbreaking camera upgrades
2024-10-13,Apple Watch banned in Germany over patent dispute
2024-10-14,Services segment continues to drive Apple's profit growth
2024-10-15,Apple hit by class action lawsuit over privacy concerns
2024-10-16,Apple maintains leadership in global smartwatch market
2024-10-17,Apple to invest $1B in U.S.-based manufacturing
2024-10-18,Analysts raise price target following earnings call
2024-10-19,Apple faces shipment delays due to unrest in Asia
2024-10-20,New Apple TV+ original series gains massive popularity
